{
	"experiments": [
		{
			"title": "Experiemnt 1",
			"startTime": 0,
			"endTime": 0,
			"readings": [
				{
					"timestamp": 0,
					"direction": 45,
					"Light1Detected": 0.0,
					"Light2Detected": 0.0,
					"Light3Detected": 0.0
				},
				{
					"timestamp": 0,
					"direction": 45,
					"Light1Detected": 0.0,
					"Light2Detected": 0.0,
					"Light3Detected": 0.0
				},
				{
					"timestamp": 0,
					"direction": 45,
					"Light1Detected": 0.0,
					"Light2Detected": 0.0,
					"Light3Detected": 0.0
				}
			]
		},
		{
			"title": "Experiemnt 2",
			"startTime": 0,
			"endTime": 0,
			"readings": [
				{
					"timestamp": 0,
					"direction": 45,
					"Light1Detected": 0.0,
					"Light2Detected": 0.0,
					"Light3Detected": 0.0
				},
				{
					"timestamp": 0,
					"direction": 45,
					"Light1Detected": 0.0,
					"Light2Detected": 0.0,
					"Light3Detected": 0.0
				},
				{
					"timestamp": 0,
					"direction": 45,
					"Light1Detected": 0.0,
					"Light2Detected": 0.0,
					"Light3Detected": 0.0
				}
			]
		}
	]
}
